MightySkins Skin Compatible with Oculus Quest 2 - Cotton Candy | Protective. Durable. and Unique Vinyl Decal wrap Cover | Easy to Apply. Remove. and Change Styles | Made in The USA. OCQU2-Cotton Candy,$19.85,https://m.media-amazon.com/images/I/51AWFj+bwJL._AC_UY218_.jpg
MightySkins Skin Compatible with Oculus Quest 2 - Nebula | Protective. Durable. and Unique Vinyl Decal wrap Cover | Easy to Apply. Remove. and Change Styles | Made in The USA. OCQU2-Nebula,$19.99,https://m.media-amazon.com/images/I/61SLNASAHKL._AC_UY218_.jpg
VR Charging Station for Oculus/Meta Quest 2. Charging Dock Stand Set with 2 Rechargeable Batteries(Support Elite Strap). Magnetic Charging Headset and Touch Charging Controller. USB-C Charger Cable,$39.99,https://m.media-amazon.com/images/I/61dUfAbaZHL._AC_UY218_.jpg
Original Right Hand Controller for Oculus Quest 2,$124.00,https://m.media-amazon.com/images/I/41U+RoKsBdL._AC_UY218_.jpg
SUPERUS Facial Interface & Face Cover Pad for Oculus Quest 2. Sweat-Proof PU Foam Cushion - VR Accessories for Meta Quest 2. Compatible with Oculus Quest 2 Original Spacer,$16.99,https://m.media-amazon.com/images/I/6150sFk5WbL._AC_UY218_.jpg
MOJOXR Adjustable Head Strap Compatible with Quest 2. Elite Strap Accessories Fit for Official Carrying Case and Most 3rd-Party Cases.Enhanced Support and Comfort for Kid&Adult Players,$24.99,https://m.media-amazon.com/images/I/51DBe7oscdL._AC_UY218_.jpg
Battery Head Strap Compatible with Quest 2 - YOGES 5000mAh Rechargable Adjustable Headstrap to Extend Playtime and Comfort for VR Headset. Super Soft Foam and Skin-Friendly PU Quest 2 Accessories,$49.99,https://m.media-amazon.com/images/I/615sJC29C1L._AC_UY218_.jpg
Syntech Link Cable 16 FT Compatible with Quest2/Pico 4 Accessories and PC/Steam VR. High Speed PC Data Transfer. USB 3.0 to USB C Cable for VR Headset and Gaming PC,$19.99,https://m.media-amazon.com/images/I/71nuAk1xb6S._AC_UY218_.jpg
ZYBER Handle Attachments for Oculus Quest 2 Controller Accessories. VR Gorilla Tag Long Arms Grips for Meta Quest 2 Beat Saber Golf Club Baseball. Enhance VR Game Experience,$19.92,https://m.media-amazon.com/images/I/51TtvjDDVyL._AC_UY218_.jpg
DESTEK QH2 Face Pressure-Free Head Strap. Compatible with Meta/Oculus Quest 2 | Includes Retractable Headphones and 7000mAh Battery Pack. VR Accessories for Comfort Play,$49.99,https://m.media-amazon.com/images/I/61GoQeQZzAL._AC_UY218_.jpg
SARLAR Fashion Travel Protective Case for Oculus/Meta Quest VR Gaming Headset and Touch Controllers Accessories Carrying Bag.Include Lens Protection Cover,$25.99,https://m.media-amazon.com/images/I/814o6oEh8ZL._AC_UY218_.jpg
3D VR Virtual Reality Headset Goggle with Remote Controller. VR Glasses for 3D Movies Video Play Games. VR Set for iOS Android Phone for iPhone 13 12 11 Pro Mini X R S Max Samsung Galaxy,$139.98,https://m.media-amazon.com/images/I/51y55zGJ3RL._AC_UY218_.jpg
Vancle Head Strap for Oculus Quest 2. Lightweight Breathable Replacement Strap for Enhanced Support and Comfort in Oculus/Meta Quest 2 (Inclued Two Sets of Padding),$35.99,https://m.media-amazon.com/images/I/61qoT5DsCrL._AC_UY218_.jpg
XIAOGE Controller Accessories for Oculus Quest 2 with Face Cover Combo. VR Headset Accessory Sweatproof Anti Collision,$19.99,https://m.media-amazon.com/images/I/71jVfUa+BdL._AC_UY218_.jpg
TechKen Charging Dock for Oculus Meta Quest 2. Enhanced Magnetic Charging Station with Rechargeable Batteries Pack for Quest 2 Grips [LED Indicate] [Support Elite Strap with Battery],$39.97,https://m.media-amazon.com/images/I/61zW3WXSfhL._AC_UY218_.jpg
TechKen VR Facial Interface and Foam Replacement Set for Oculus Meta Quest 2 | Removable Facial Interface Frame & Foam Face Covers Replacement & Anti-Leakage Nose Pad & Lens Cover,$16.97,https://m.media-amazon.com/images/I/61yizwTDvBL._AC_UY218_.jpg
